{"cameraMode":{"drawMode":0,"name":"Shaded","section":"Shading Mode"},"sceneLighting":true,"audioPlay":false,"sceneViewState":{"showFog":true,"showMaterialUpdate":false,"showSkybox":true,"showFlares":true,"showImageEffects":true,"showParticleSystems":true,"showVisualEffectGraphs":true,"m_FxEnabled":true},"in2DMode":false,"pivot":{"x":-25.92008399963379,"y":165.37474060058595,"z":0.4562225341796875},"rotation":{"x":-0.06199350208044052,"y":0.050900720059871677,"z":0.0029886115808039905,"w":0.996854841709137},"size":102.19316101074219,"orthographic":false}